[{"pos_x": 163.03, "pos_y": -157.25, "rotation": -24.0, "side": "top", "designator": "SW40", "mpn": null, "pack": "SW_Cherry_MX_1.00u_PCB", "value": "SW_KBD", "mount_type": "tht"}, {"pos_x": 247.4516, "pos_y": -105.882118, "rotation": 100.0, "side": "top", "designator": "D7", "mpn": null, "pack": "D_DO-35_SOD27_P7.62mm_Horizontal", "value": "1N4148", "mount_type": "tht"}, {"pos_x": 90.848401, "pos_y": -118.842118, "rotation": 80.0, "side": "top", "designator": "D14", "mpn": null, "pack": "D_DO-35_SOD27_P7.62mm_Horizontal", "value": "1N4148", "mount_type": "tht"}, {"pos_x": 100.620082, "pos_y": -126.473485, "rotation": -10.0, "side": "top", "designator": "SW26", "mpn": null, "pack": "SW_Cherry_MX_1.00u_PCB", "value": "SW_KBD", "mount_type": "tht"}, {"pos_x": 324.1616, "pos_y": -100.682118, "rotation": 100.0, "side": "top", "designator": "D11", "mpn": null, "pack": "D_DO-35_SOD27_P7.62mm_Horizontal", "value": "1N4148", "mount_type": "tht"}, {"pos_x": 203.8, "pos_y": -88.75, "rotation": 0.0, "side": "top", "designator": "M2", "mpn": null, "pack": "M2_Hole_TH", "value": "M2_Hole_TH", "mount_type": "tht"}, {"pos_x": 181.074367, "pos_y": -171.828349, "rotation": -29.0, "side": "top", "designator": "SW41", "mpn": null, "pack": "SW_Cherry_MX_1.25u_PCB", "value": "SW_KBD", "mount_type": "tht"}, {"pos_x": 170.798401, "pos_y": -105.042118, "rotation": 80.0, "side": "top", "designator": "D6", "mpn": null, "pack": "D_DO-35_SOD27_P7.62mm_Horizontal", "value": "1N4148", "mount_type": "tht"}, {"pos_x": 208.79, "pos_y": -188.77, "rotation": 90.0, "side": "top", "designator": "D47", "mpn": null, "pack": "D_DO-35_SOD27_P7.62mm_Horizontal", "value": "1N4148", "mount_type": "tht"}, {"pos_x": 189.555, "pos_y": -140.995, "rotation": 0.0, "side": "top", "designator": "SW38", "mpn": null, "pack": "RotaryEncoder_Alps_EC11E-Switch_Vertical_H20mm", "value": "RotaryEncoder_Switch", "mount_type": "tht"}, {"pos_x": 235.680036, "pos_y": -169.1, "rotation": 0.0, "side": "top", "designator": "REF**", "mpn": null, "pack": "KiCad-Logo2_5mm_SilkScreen", "value": "KiCad-Logo2_5mm_SilkScreen", "mount_type": null}, {"pos_x": 232.92, "pos_y": -113.5, "rotation": 0.0, "side": "top", "designator": "M2", "mpn": null, "pack": "M2_Hole_TH", "value": "M2_Hole_TH", "mount_type": "tht"}, {"pos_x": 129.748401, "pos_y": -117.802118, "rotation": 80.0, "side": "top", "designator": "D16", "mpn": null, "pack": "D_DO-35_SOD27_P7.62mm_Horizontal", "value": "1N4148", "mount_type": "tht"}, {"pos_x": 250.85, "pos_y": -179.76, "rotation": 118.0, "side": "top", "designator": "D42", "mpn": null, "pack": "D_DO-35_SOD27_P7.62mm_Horizontal", "value": "1N4148", "mount_type": "tht"}, {"pos_x": 329.6816, "pos_y": -131.832118, "rotation": 100.0, "side": "top", "designator": "D35", "mpn": null, "pack": "D_DO-35_SOD27_P7.62mm_Horizontal", "value": "1N4148", "mount_type": "tht"}, {"pos_x": 266.1016, "pos_y": -100.772118, "rotation": 100.0, "side": "top", "designator": "D8", "mpn": null, "pack": "D_DO-35_SOD27_P7.62mm_Horizontal", "value": "1N4148", "mount_type": "tht"}, {"pos_x": 114.06, "pos_y": -84.96, "rotation": 0.0, "side": "top", "designator": "Ref**", "mpn": null, "pack": "M2_HOLE", "value": "Val**", "mount_type": null}, {"pos_x": 232.92, "pos_y": -88.82, "rotation": 0.0, "side": "top", "designator": "M2", "mpn": null, "pack": "M2_Hole_TH", "value": "M2_Hole_TH", "mount_type": "tht"}, {"pos_x": 94.578401, "pos_y": -97.392118, "rotation": 80.0, "side": "top", "designator": "D2", "mpn": null, "pack": "D_DO-35_SOD27_P7.62mm_Horizontal", "value": "1N4148", "mount_type": "tht"}, {"pos_x": 168.518401, "pos_y": -117.952118, "rotation": 80.0, "side": "top", "designator": "D18", "mpn": null, "pack": "D_DO-35_SOD27_P7.62mm_Horizontal", "value": "1N4148", "mount_type": "tht"}, {"pos_x": 260.621883, "pos_y": -116.517504, "rotation": 10.0, "side": "top", "designator": "SW19", "mpn": null, "pack": "SW_Cherry_MX_1.00u_PCB", "value": "SW_KBD", "mount_type": "tht"}, {"pos_x": 123.990082, "pos_y": -103.933485, "rotation": -10.0, "side": "top", "designator": "SW15", "mpn": null, "pack": "SW_Cherry_MX_1.00u_PCB", "value": "SW_KBD", "mount_type": "tht"}, {"pos_x": 158.290083, "pos_y": -129.263485, "rotation": -10.0, "side": "top", "designator": "SW29", "mpn": null, "pack": "SW_Cherry_MX_1.00u_PCB", "value": "SW_KBD", "mount_type": "tht"}, {"pos_x": 203.8, "pos_y": -113.43, "rotation": 0.0, "side": "top", "designator": "M2", "mpn": null, "pack": "M2_Hole_TH", "value": "M2_Hole_TH", "mount_type": "tht"}, {"pos_x": 293.631883, "pos_y": -84.087503, "rotation": 10.0, "side": "top", "designator": "SW9", "mpn": null, "pack": "SW_Cherry_MX_1.00u_PCB", "value": "SW_KBD", "mount_type": "tht"}, {"pos_x": 348.8816, "pos_y": -130.972118, "rotation": 100.0, "side": "top", "designator": "D36", "mpn": null, "pack": "D_DO-35_SOD27_P7.62mm_Horizontal", "value": "1N4148", "mount_type": "tht"}, {"pos_x": 310.4216, "pos_y": -131.872118, "rotation": 100.0, "side": "top", "designator": "D34", "mpn": null, "pack": "D_DO-35_SOD27_P7.62mm_Horizontal", "value": "1N4148", "mount_type": "tht"}, {"pos_x": 290.8016, "pos_y": -131.262118, "rotation": 100.0, "side": "top", "designator": "D33", "mpn": null, "pack": "D_DO-35_SOD27_P7.62mm_Horizontal", "value": "1N4148", "mount_type": "tht"}, {"pos_x": 232.83, "pos_y": -101.28, "rotation": 0.0, "side": "top", "designator": "", "mpn": null, "pack": "", "value": "", "mount_type": "smt"}, {"pos_x": 120.700082, "pos_y": -122.743485, "rotation": -10.0, "side": "top", "designator": "SW27", "mpn": null, "pack": "SW_Cherry_MX_1.00u_PCB", "value": "SW_KBD", "mount_type": "tht"}, {"pos_x": 107.204543, "pos_y": -88.975246, "rotation": -10.0, "side": "top", "designator": "SW2", "mpn": null, "pack": "SW_Cherry_MX_1.00u_PCB", "value": "SW_KBD", "mount_type": "tht"}, {"pos_x": 282.071883, "pos_y": -128.477504, "rotation": 10.0, "side": "top", "designator": "SW32", "mpn": null, "pack": "SW_Cherry_MX_1.00u_PCB", "value": "SW_KBD", "mount_type": "tht"}, {"pos_x": 179.710082, "pos_y": -117.413485, "rotation": -10.0, "side": "top", "designator": "SW18", "mpn": null, "pack": "SW_Cherry_MX_1.00u_PCB", "value": "SW_KBD", "mount_type": "tht"}, {"pos_x": 278.771883, "pos_y": -109.737503, "rotation": 10.0, "side": "top", "designator": "SW20", "mpn": null, "pack": "SW_Cherry_MX_1.00u_PCB", "value": "SW_KBD", "mount_type": "tht"}, {"pos_x": 185.08, "pos_y": -187.92, "rotation": 0.0, "side": "top", "designator": "Ref**", "mpn": null, "pack": "M2_HOLE", "value": "Val**", "mount_type": null}, {"pos_x": 269.169667, "pos_y": -166.100608, "rotation": 114.0, "side": "top", "designator": "D43", "mpn": null, "pack": "D_DO-35_SOD27_P7.62mm_Horizontal", "value": "1N4148", "mount_type": "tht"}, {"pos_x": 133.288401, "pos_y": -97.302118, "rotation": 80.0, "side": "top", "designator": "D4", "mpn": null, "pack": "D_DO-35_SOD27_P7.62mm_Horizontal", "value": "1N4148", "mount_type": "tht"}, {"pos_x": 271.5716, "pos_y": -131.822118, "rotation": 100.0, "side": "top", "designator": "D32", "mpn": null, "pack": "D_DO-35_SOD27_P7.62mm_Horizontal", "value": "1N4148", "mount_type": "tht"}, {"pos_x": 249.02, "pos_y": -153.67, "rotation": 90.0, "side": "top", "designator": "D37", "mpn": null, "pack": "D_DO-35_SOD27_P7.62mm_Horizontal", "value": "1N4148", "mount_type": "tht"}, {"pos_x": 252.8116, "pos_y": -135.082118, "rotation": 100.0, "side": "top", "designator": "D31", "mpn": null, "pack": "D_DO-35_SOD27_P7.62mm_Horizontal", "value": "1N4148", "mount_type": "tht"}, {"pos_x": 249.73, "pos_y": -187.96, "rotation": 0.0, "side": "top", "designator": "Ref**", "mpn": null, "pack": "M2_HOLE", "value": "Val**", "mount_type": null}, {"pos_x": 107.41, "pos_y": -136.52, "rotation": 0.0, "side": "top", "designator": "Ref**", "mpn": null, "pack": "M2_HOLE", "value": "Val**", "mount_type": null}, {"pos_x": 85.988401, "pos_y": -134.142118, "rotation": 80.0, "side": "top", "designator": "D25", "mpn": null, "pack": "D_DO-35_SOD27_P7.62mm_Horizontal", "value": "1N4148", "mount_type": "tht"}, {"pos_x": 296.931883, "pos_y": -102.897504, "rotation": 10.0, "side": "top", "designator": "SW21", "mpn": null, "pack": "SW_Cherry_MX_1.00u_PCB", "value": "SW_KBD", "mount_type": "tht"}, {"pos_x": 343.3516, "pos_y": -99.622118, "rotation": 100.0, "side": "top", "designator": "D12", "mpn": null, "pack": "D_DO-35_SOD27_P7.62mm_Horizontal", "value": "1N4148", "mount_type": "tht"}, {"pos_x": 218.335, "pos_y": -101.76, "rotation": 0.0, "side": "top", "designator": "U1", "mpn": null, "pack": "ProMicro_v3.5", "value": "ProMicro", "mount_type": "tht"}, {"pos_x": 207.865, "pos_y": -153.635, "rotation": 90.0, "side": "top", "designator": "D38", "mpn": null, "pack": "D_DO-35_SOD27_P7.62mm_Horizontal", "value": "1N4148", "mount_type": "tht"}, {"pos_x": 230.775, "pos_y": -141.005, "rotation": 0.0, "side": "top", "designator": "SW37", "mpn": null, "pack": "RotaryEncoder_Alps_EC11E-Switch_Vertical_H20mm", "value": "RotaryEncoder_Switch", "mount_type": "tht"}, {"pos_x": 168.571314, "pos_y": -171.514031, "rotation": 61.0, "side": "top", "designator": "D41", "mpn": null, "pack": "D_DO-35_SOD27_P7.62mm_Horizontal", "value": "1N4148", "mount_type": "tht"}, {"pos_x": 239.04, "pos_y": -182.04, "rotation": 0.0, "side": "top", "designator": "SW48", "mpn": null, "pack": "SW_Cherry_MX_1.00u_PCB", "value": "SW_KBD", "mount_type": "tht"}, {"pos_x": 142.437652, "pos_y": -149.831576, "rotation": -13.0, "side": "top", "designator": "SW39", "mpn": null, "pack": "SW_Cherry_MX_1.00u_PCB", "value": "SW_KBD", "mount_type": "tht"}, {"pos_x": 216.665, "pos_y": -87.62, "rotation": 90.0, "side": "top", "designator": "J2", "mpn": null, "pack": "PinHeader_1x02_P2.54mm_Vertical", "value": "Conn_01x02_Female", "mount_type": "tht"}, {"pos_x": 297.202149, "pos_y": -148.718825, "rotation": 13.0, "side": "top", "designator": "SW44", "mpn": null, "pack": "SW_Cherry_MX_1.00u_PCB", "value": "SW_KBD", "mount_type": "tht"}, {"pos_x": 288.021722, "pos_y": -158.376827, "rotation": 103.0, "side": "top", "designator": "D44", "mpn": null, "pack": "D_DO-35_SOD27_P7.62mm_Horizontal", "value": "1N4148", "mount_type": "tht"}, {"pos_x": 88.468545, "pos_y": -85.663243, "rotation": -10.0, "side": "top", "designator": "SW1", "mpn": null, "pack": "SW_Cherry_MX_1.00u_PCB", "value": "SW_KBD", "mount_type": "tht"}, {"pos_x": 300.241883, "pos_y": -121.647504, "rotation": 10.0, "side": "top", "designator": "SW33", "mpn": null, "pack": "SW_Cherry_MX_1.00u_PCB", "value": "SW_KBD", "mount_type": "tht"}, {"pos_x": 143.360082, "pos_y": -103.873485, "rotation": -10.0, "side": "top", "designator": "SW16", "mpn": null, "pack": "SW_Cherry_MX_1.00u_PCB", "value": "SW_KBD", "mount_type": "tht"}, {"pos_x": 108.088401, "pos_y": -131.182118, "rotation": 80.0, "side": "top", "designator": "D27", "mpn": null, "pack": "D_DO-35_SOD27_P7.62mm_Horizontal", "value": "1N4148", "mount_type": "tht"}, {"pos_x": 146.424939, "pos_y": -131.22736, "rotation": 80.0, "side": "top", "designator": "D29", "mpn": null, "pack": "D_DO-35_SOD27_P7.62mm_Horizontal", "value": "1N4148", "mount_type": "tht"}, {"pos_x": 110.388401, "pos_y": -117.802118, "rotation": 80.0, "side": "top", "designator": "D15", "mpn": null, "pack": "D_DO-35_SOD27_P7.62mm_Horizontal", "value": "1N4148", "mount_type": "tht"}, {"pos_x": 257.898702, "pos_y": -169.155516, "rotation": 29.0, "side": "top", "designator": "SW42", "mpn": null, "pack": "SW_Cherry_MX_1.25u_PCB", "value": "SW_KBD", "mount_type": "tht"}, {"pos_x": 161.580082, "pos_y": -110.563485, "rotation": -10.0, "side": "top", "designator": "SW17", "mpn": null, "pack": "SW_Cherry_MX_1.00u_PCB", "value": "SW_KBD", "mount_type": "tht"}, {"pos_x": 152.678401, "pos_y": -97.552118, "rotation": 80.0, "side": "top", "designator": "D5", "mpn": null, "pack": "D_DO-35_SOD27_P7.62mm_Horizontal", "value": "1N4148", "mount_type": "tht"}, {"pos_x": 81.836538, "pos_y": -123.185242, "rotation": -10.0, "side": "top", "designator": "SW25", "mpn": null, "pack": "SW_Cherry_MX_1.00u_PCB", "value": "SW_KBD", "mount_type": "tht"}, {"pos_x": 263.921883, "pos_y": -135.307504, "rotation": 10.0, "side": "top", "designator": "SW31", "mpn": null, "pack": "SW_Cherry_MX_1.00u_PCB", "value": "SW_KBD", "mount_type": "tht"}, {"pos_x": 276.304183, "pos_y": -155.236078, "rotation": 24.0, "side": "top", "designator": "SW43", "mpn": null, "pack": "SW_Cherry_MX_1.00u_PCB", "value": "SW_KBD", "mount_type": "tht"}, {"pos_x": 127.259693, "pos_y": -85.216281, "rotation": -10.0, "side": "top", "designator": "SW3", "mpn": null, "pack": "SW_Cherry_MX_1.00u_PCB", "value": "SW_KBD", "mount_type": "tht"}, {"pos_x": 166.128401, "pos_y": -131.452118, "rotation": 80.0, "side": "top", "designator": "D30", "mpn": null, "pack": "D_DO-35_SOD27_P7.62mm_Horizontal", "value": "1N4148", "mount_type": "tht"}, {"pos_x": 250.4016, "pos_y": -121.242118, "rotation": 100.0, "side": "top", "designator": "D19", "mpn": null, "pack": "D_DO-35_SOD27_P7.62mm_Horizontal", "value": "1N4148", "mount_type": "tht"}, {"pos_x": 336.371883, "pos_y": -106.837504, "rotation": 10.0, "side": "top", "designator": "SW23", "mpn": null, "pack": "SW_Cherry_MX_1.00u_PCB", "value": "SW_KBD", "mount_type": "tht"}, {"pos_x": 228.0, "pos_y": -188.8, "rotation": 90.0, "side": "top", "designator": "D48", "mpn": null, "pack": "D_DO-35_SOD27_P7.62mm_Horizontal", "value": "1N4148", "mount_type": "tht"}, {"pos_x": 264.98, "pos_y": -87.67, "rotation": 12.0, "side": "top", "designator": "SW_TOG1", "mpn": null, "pack": "SS12D00", "value": "SS12D00", "mount_type": "tht"}, {"pos_x": 351.804279, "pos_y": -84.751111, "rotation": 10.0, "side": "top", "designator": "SW12", "mpn": null, "pack": "SW_Cherry_MX_1.00u_PCB", "value": "SW_KBD", "mount_type": "tht"}, {"pos_x": 149.920333, "pos_y": -159.460608, "rotation": 66.0, "side": "top", "designator": "D40", "mpn": null, "pack": "D_DO-35_SOD27_P7.62mm_Horizontal", "value": "1N4148", "mount_type": "tht"}, {"pos_x": 355.131883, "pos_y": -103.477503, "rotation": 10.0, "side": "top", "designator": "SW24", "mpn": null, "pack": "SW_Cherry_MX_1.00u_PCB", "value": "SW_KBD", "mount_type": "tht"}, {"pos_x": 146.620083, "pos_y": -85.123485, "rotation": -10.0, "side": "top", "designator": "SW4", "mpn": null, "pack": "SW_Cherry_MX_1.00u_PCB", "value": "SW_KBD", "mount_type": "tht"}, {"pos_x": 196.432529, "pos_y": -161.273978, "rotation": 0.0, "side": "top", "designator": "mechistanbul", "mpn": null, "pack": "LOGO", "value": "LOGO", "mount_type": null}, {"pos_x": 149.058401, "pos_y": -118.032118, "rotation": 80.0, "side": "top", "designator": "D17", "mpn": null, "pack": "D_DO-35_SOD27_P7.62mm_Horizontal", "value": "1N4148", "mount_type": "tht"}, {"pos_x": 203.88, "pos_y": -101.28, "rotation": 0.0, "side": "top", "designator": "", "mpn": null, "pack": "", "value": "", "mount_type": "smt"}, {"pos_x": 83.532118, "pos_y": -117.8916, "rotation": 170.0, "side": "top", "designator": "D13", "mpn": null, "pack": "D_DO-35_SOD27_P7.62mm_Horizontal", "value": "1N4148", "mount_type": "tht"}, {"pos_x": 327.8616, "pos_y": -120.832118, "rotation": 100.0, "side": "top", "designator": "D23", "mpn": null, "pack": "D_DO-35_SOD27_P7.62mm_Horizontal", "value": "1N4148", "mount_type": "tht"}, {"pos_x": 358.481883, "pos_y": -122.277504, "rotation": 10.0, "side": "top", "designator": "SW36", "mpn": null, "pack": "SW_Cherry_MX_1.00u_PCB", "value": "SW_KBD", "mount_type": "tht"}, {"pos_x": 129.942937, "pos_y": -154.64235, "rotation": 77.0, "side": "top", "designator": "D39", "mpn": null, "pack": "D_DO-35_SOD27_P7.62mm_Horizontal", "value": "1N4148", "mount_type": "tht"}, {"pos_x": 220.005, "pos_y": -163.025, "rotation": 0.0, "side": "top", "designator": "SW45", "mpn": null, "pack": "SW_Cherry_MX_1.00u_PCB", "value": "SW_KBD", "mount_type": "tht"}, {"pos_x": 269.6416, "pos_y": -120.942118, "rotation": 100.0, "side": "top", "designator": "D20", "mpn": null, "pack": "D_DO-35_SOD27_P7.62mm_Horizontal", "value": "1N4148", "mount_type": "tht"}, {"pos_x": 103.910082, "pos_y": -107.733485, "rotation": -10.0, "side": "top", "designator": "SW14", "mpn": null, "pack": "SW_Cherry_MX_1.00u_PCB", "value": "SW_KBD", "mount_type": "tht"}, {"pos_x": 219.975, "pos_y": -182.055, "rotation": 0.0, "side": "top", "designator": "SW47", "mpn": null, "pack": "SW_Cherry_MX_1.00u_PCB", "value": "SW_KBD", "mount_type": "tht"}, {"pos_x": 333.044279, "pos_y": -88.071111, "rotation": 10.0, "side": "top", "designator": "SW11", "mpn": null, "pack": "SW_Cherry_MX_1.00u_PCB", "value": "SW_KBD", "mount_type": "tht"}, {"pos_x": 140.100082, "pos_y": -122.573485, "rotation": -10.0, "side": "top", "designator": "SW28", "mpn": null, "pack": "SW_Cherry_MX_1.00u_PCB", "value": "SW_KBD", "mount_type": "tht"}, {"pos_x": 85.170082, "pos_y": -104.453485, "rotation": -10.0, "side": "top", "designator": "SW13", "mpn": null, "pack": "SW_Cherry_MX_1.00u_PCB", "value": "SW_KBD", "mount_type": "tht"}, {"pos_x": 127.538401, "pos_y": -130.982118, "rotation": 80.0, "side": "top", "designator": "D28", "mpn": null, "pack": "D_DO-35_SOD27_P7.62mm_Horizontal", "value": "1N4148", "mount_type": "tht"}, {"pos_x": 327.42, "pos_y": -136.52, "rotation": 0.0, "side": "top", "designator": "Ref**", "mpn": null, "pack": "M2_HOLE", "value": "Val**", "mount_type": null}, {"pos_x": 304.8116, "pos_y": -100.742118, "rotation": 100.0, "side": "top", "designator": "D10", "mpn": null, "pack": "D_DO-35_SOD27_P7.62mm_Horizontal", "value": "1N4148", "mount_type": "tht"}, {"pos_x": 176.39, "pos_y": -136.15, "rotation": -10.0, "side": "top", "designator": "SW30", "mpn": null, "pack": "SW_Cherry_MX_1.00u_PCB", "value": "SW_KBD", "mount_type": "tht"}, {"pos_x": 190.055, "pos_y": -188.825, "rotation": 90.0, "side": "top", "designator": "D46", "mpn": null, "pack": "D_DO-35_SOD27_P7.62mm_Horizontal", "value": "1N4148", "mount_type": "tht"}, {"pos_x": 313.014279, "pos_y": -84.291111, "rotation": 10.0, "side": "top", "designator": "SW10", "mpn": null, "pack": "SW_Cherry_MX_1.00u_PCB", "value": "SW_KBD", "mount_type": "tht"}, {"pos_x": 308.3716, "pos_y": -120.832118, "rotation": 100.0, "side": "top", "designator": "D22", "mpn": null, "pack": "D_DO-35_SOD27_P7.62mm_Horizontal", "value": "1N4148", "mount_type": "tht"}, {"pos_x": 200.895, "pos_y": -182.055, "rotation": 0.0, "side": "top", "designator": "SW46", "mpn": null, "pack": "SW_Cherry_MX_1.00u_PCB", "value": "SW_KBD", "mount_type": "tht"}, {"pos_x": 321.32, "pos_y": -84.96, "rotation": 0.0, "side": "top", "designator": "Ref**", "mpn": null, "pack": "M2_HOLE", "value": "Val**", "mount_type": null}, {"pos_x": 183.020094, "pos_y": -98.623489, "rotation": -10.0, "side": "top", "designator": "SW6", "mpn": null, "pack": "SW_Cherry_MX_1.00u_PCB", "value": "SW_KBD", "mount_type": "tht"}, {"pos_x": 209.225, "pos_y": -169.775, "rotation": 90.0, "side": "top", "designator": "D45", "mpn": null, "pack": "D_DO-35_SOD27_P7.62mm_Horizontal", "value": "1N4148", "mount_type": "tht"}, {"pos_x": 257.284279, "pos_y": -97.69111, "rotation": 10.0, "side": "top", "designator": "SW7", "mpn": null, "pack": "SW_Cherry_MX_1.00u_PCB", "value": "SW_KBD", "mount_type": "tht"}, {"pos_x": 102.01, "pos_y": -123.18, "rotation": 170.0, "side": "top", "designator": "D26", "mpn": null, "pack": "D_DO-35_SOD27_P7.62mm_Horizontal", "value": "1N4148", "mount_type": "tht"}, {"pos_x": 346.8016, "pos_y": -119.662118, "rotation": 100.0, "side": "top", "designator": "D24", "mpn": null, "pack": "D_DO-35_SOD27_P7.62mm_Horizontal", "value": "1N4148", "mount_type": "tht"}, {"pos_x": 275.461883, "pos_y": -90.987503, "rotation": 10.0, "side": "top", "designator": "SW8", "mpn": null, "pack": "SW_Cherry_MX_1.00u_PCB", "value": "SW_KBD", "mount_type": "tht"}, {"pos_x": 285.5616, "pos_y": -100.592118, "rotation": 100.0, "side": "top", "designator": "D9", "mpn": null, "pack": "D_DO-35_SOD27_P7.62mm_Horizontal", "value": "1N4148", "mount_type": "tht"}, {"pos_x": 215.425, "pos_y": -98.04, "rotation": 90.0, "side": "top", "designator": "J1", "mpn": null, "pack": "PinHeader_1x03_P2.54mm_Vertical", "value": "Conn_01x03_Female", "mount_type": "tht"}, {"pos_x": 114.038401, "pos_y": -97.332118, "rotation": 80.0, "side": "top", "designator": "D3", "mpn": null, "pack": "D_DO-35_SOD27_P7.62mm_Horizontal", "value": "1N4148", "mount_type": "tht"}, {"pos_x": 339.661883, "pos_y": -125.647504, "rotation": 10.0, "side": "top", "designator": "SW35", "mpn": null, "pack": "SW_Cherry_MX_1.00u_PCB", "value": "SW_KBD", "mount_type": "tht"}, {"pos_x": 240.05, "pos_y": -160.63, "rotation": 0.0, "side": "top", "designator": "G***", "mpn": null, "pack": "QMK-x4-ver1", "value": "LOGO", "mount_type": "tht"}, {"pos_x": 319.661883, "pos_y": -121.877504, "rotation": 10.0, "side": "top", "designator": "SW34", "mpn": null, "pack": "SW_Cherry_MX_1.00u_PCB", "value": "SW_KBD", "mount_type": "tht"}, {"pos_x": 86.56, "pos_y": -99.01, "rotation": 170.0, "side": "top", "designator": "D1", "mpn": null, "pack": "D_DO-35_SOD27_P7.62mm_Horizontal", "value": "1N4148", "mount_type": "tht"}, {"pos_x": 164.82009, "pos_y": -91.823485, "rotation": -10.0, "side": "top", "designator": "SW5", "mpn": null, "pack": "SW_Cherry_MX_1.00u_PCB", "value": "SW_KBD", "mount_type": "tht"}, {"pos_x": 316.341883, "pos_y": -103.057503, "rotation": 10.0, "side": "top", "designator": "SW22", "mpn": null, "pack": "SW_Cherry_MX_1.00u_PCB", "value": "SW_KBD", "mount_type": "tht"}, {"pos_x": 288.9116, "pos_y": -120.672118, "rotation": 100.0, "side": "top", "designator": "D21", "mpn": null, "pack": "D_DO-35_SOD27_P7.62mm_Horizontal", "value": "1N4148", "mount_type": "tht"}, {"pos_x": 277.43, "pos_y": -147.12, "rotation": 0.0, "side": "top", "designator": "Ref**", "mpn": null, "pack": "M2_HOLE", "value": "Val**", "mount_type": null}, {"pos_x": 157.49, "pos_y": -147.12, "rotation": 0.0, "side": "top", "designator": "Ref**", "mpn": null, "pack": "M2_HOLE", "value": "Val**", "mount_type": null}, {"pos_x": 221.72, "pos_y": -123.36, "rotation": 180.0, "side": "bottom", "designator": "Reset1", "mpn": null, "pack": "SW_PUSH_6mm", "value": "SW_KBD", "mount_type": "tht"}]